index,Date,Open,High,Low,Close,Ticker,Event_date,Type,Price Change,Percent Change
299,2005-09-24,35.02205324167116,35.742287736059936,34.80213370370734,34.934085845947266,XOM,2005-09-26,Domestic Natural Disaster,-0.08796739572389356,-0.2511771514847254
1395,2005-09-24,32.34734804761118,33.81838238200257,32.34734804761118,33.17768859863281,CVX,2005-09-26,Domestic Natural Disaster,0.8303405510216351,2.566950928402166
2491,2005-09-24,28.38309174234777,29.87120173259356,28.33698135103432,29.30530166625977,COP,2005-09-26,Domestic Natural Disaster,0.9222099239119999,3.2491524612030065
3587,2005-09-24,28.136370326802776,29.133057601046087,28.08010587097531,28.473957061767575,BP,2005-09-26,Domestic Natural Disaster,0.3375867349647983,1.1998233284668292
4683,2005-09-24,26.00847723431995,26.8524085972026,25.91156406788364,26.50514411926269,SHEL,2005-09-26,Domestic Natural Disaster,0.4966668849427407,1.9096346182365305
6235,2005-09-24,29.908037603681148,32.17171834039612,29.770844623561228,31.02204322814941,VLO,2005-09-26,Domestic Natural Disaster,1.1140056244682626,3.7247700408506517
7331,2005-09-24,25.184019228942564,25.910823264634665,25.184019228942564,25.24015617370605,OXY,2005-09-26,Domestic Natural Disaster,0.056136944763487406,0.22290701199502105
8925,2005-09-24,26.961869686960178,29.03179840410182,26.95809851809455,28.24002265930176,EOG,2005-09-26,Domestic Natural Disaster,1.2781529723415836,4.740594725742439
163,2003-02-15,17.45237674054671,17.752743021290872,17.2762992740639,17.700956344604492,XOM,2003-02-20,Accident,0.248579604057781,1.4243309536188367
1259,2003-02-15,15.13469900844716,15.353531016584313,14.939397854610425,15.071167945861816,CVX,2003-02-20,Accident,-0.06353106258534424,-0.41977090228147595
2355,2003-02-15,9.509682562730209,9.822114939064791,9.466723086555422,9.75181770324707,COP,2003-02-20,Accident,0.24213514051686147,2.546195826407743
3451,2003-02-15,14.125467812698597,14.599966443644792,13.895517951350026,14.589016914367676,BP,2003-02-20,Accident,0.4635491016690789,3.2816548649267023
4547,2003-02-15,13.94652868341891,14.4041980026695,13.942980093366495,14.319050788879396,SHEL,2003-02-20,Accident,0.3725221054604866,2.671074027929113
6099,2003-02-15,4.814990656266278,5.087790789297107,4.784082004355351,5.0407562255859375,VLO,2003-02-20,Accident,0.22576556931965985,4.688805969453882
7195,2003-02-15,8.001550829302424,8.139985375406972,7.9738632586356974,8.092917442321777,OXY,2003-02-20,Accident,0.09136661301935334,1.1418613087448035
8789,2003-02-15,7.2705960795062365,7.630766843931366,7.229540835276387,7.576647758483887,EOG,2003-02-20,Accident,0.3060516789776502,4.209444117523234
604,2011-07-30,50.14206236986386,50.36541269312045,44.71341788343724,46.41956329345703,XOM,2011-08-06,Int Terrorsim,-3.7224990764068266,-7.423905002048949
605,2011-08-06,45.12906661906892,45.563360737099885,41.58649119088983,44.669960021972656,XOM,2011-08-06,Int Terrorsim,-0.459106597096266,-1.0173190617292187
1700,2011-07-30,65.56728982113954,65.59819163383978,57.989470256673,60.3320426940918,CVX,2011-08-06,Int Terrorsim,-5.235247127047742,-7.98454098275059
1701,2011-08-06,58.273804882329934,59.98592506250176,53.95951856102562,59.25039291381836,CVX,2011-08-06,Int Terrorsim,0.9765880314884257,1.6758611068222036
2796,2011-07-30,37.00045067487648,37.00045067487648,32.865223241081814,34.12442779541016,COP,2011-08-06,Int Terrorsim,-2.876022879466319,-7.772940131832382
2797,2011-08-06,32.824927856763246,33.98339692949893,30.42236696912185,33.26816940307617,COP,2011-08-06,Int Terrorsim,0.443241546312926,1.3503199405253241
3892,2011-07-30,23.36478864242082,23.405466264030604,20.166430872850057,20.812204360961918,BP,2011-08-06,Int Terrorsim,-2.552584281458902,-10.924919204381167
3893,2011-08-06,20.42414749348616,20.72193641524244,19.4280987427334,20.6243839263916,BP,2011-08-06,Int Terrorsim,0.20023643290544157,0.9803906526297005
4988,2011-07-30,39.22789132493268,39.28085108315657,32.803774062453584,34.10660552978516,SHEL,2011-08-06,Int Terrorsim,-5.121285795147514,-13.055215618721009
4989,2011-08-06,33.20975952857712,35.25153942583317,32.0736488294153,35.176513671875,SHEL,2011-08-06,Int Terrorsim,1.9667541432978766,5.922217357838671
6540,2011-07-30,15.044873015878098,15.12776546362505,11.433157124061658,12.262075424194336,VLO,2011-08-06,Int Terrorsim,-2.782797591683762,-18.49665057821921
6541,2011-08-06,11.40355543704323,12.611407914235585,10.580557310197632,12.374573707580566,VLO,2011-08-06,Int Terrorsim,0.9710182705373356,8.515048450442803
7636,2011-07-30,65.26103982426164,65.39846031784712,55.517363514980666,57.1533088684082,OXY,2011-08-06,Int Terrorsim,-8.107730955853441,-12.423539339376703
7637,2011-08-06,55.41267748713132,56.72143202338632,51.54530913525963,55.70060348510742,OXY,2011-08-06,Int Terrorsim,0.2879259979761031,0.5196031143648836
8134,2011-08-01,15.664538180278646,15.789743402106952,11.630153743091132,12.97610855102539,MPC,2011-08-06,Int Terrorsim,-2.688429629253255,-17.16252083727522
9230,2011-07-30,40.44174950704515,40.60913775165039,35.59917114957035,37.33922958374024,EOG,2011-08-06,Int Terrorsim,-3.1025199233049108,-7.671576925138801
9231,2011-08-06,36.43611665931194,38.0827501881055,33.516555981964345,36.65021896362305,EOG,2011-08-06,Int Terrorsim,0.21410230431110477,0.5876101076111437
747,2014-04-26,67.12351883414206,68.58301712982252,66.85027729122984,67.98322296142578,XOM,2014-04-27,Domestic Natural Disaster,0.8597041272837203,1.2807792890119398
1843,2014-04-26,84.05639991820786,86.0925281788595,83.59640976358277,84.36756896972656,CVX,2014-04-27,Domestic Natural Disaster,0.31116905151870355,0.3701907907327586
2939,2014-04-26,54.85920915953887,56.54412926836431,54.48396913490311,56.30132293701172,COP,2014-04-27,Domestic Natural Disaster,1.4421137774728479,2.628754222976425
4035,2014-04-26,28.465758083684044,29.41904477434264,28.25199108574618,29.39015769958496,BP,2014-04-27,Domestic Natural Disaster,0.9243996159009171,3.24740909124343
5131,2014-04-26,46.11804695425023,48.51679570134771,46.02672316001007,48.35850143432617,SHEL,2014-04-27,Domestic Natural Disaster,2.2404544800759396,4.858086211453193
5586,2014-04-21,57.532018619296885,59.49366131364645,57.4103120769036,59.128536224365234,PSX,2014-04-27,Domestic Natural Disaster,1.5965176050683496,2.7750071062739656
6683,2014-04-26,39.18974694649796,40.605334080580455,38.743082973812434,39.794464111328125,VLO,2014-04-27,Domestic Natural Disaster,0.6047171648301628,1.5430494247786946
7779,2014-04-26,68.08235533553221,69.08832364056785,66.4080812763376,66.43622589111328,OXY,2014-04-27,Domestic Natural Disaster,-1.646129444418932,-2.4178503171728787
8276,2014-04-21,32.92654951498012,33.952727346352454,32.52645406430787,33.61190414428711,MPC,2014-04-27,Domestic Natural Disaster,0.6853546293069925,2.081465077278099
9373,2014-04-26,79.07666884522789,80.09737099366944,76.3785327259324,76.79788970947266,EOG,2014-04-27,Domestic Natural Disaster,-2.2787791357552294,-2.8817338527693295
380,2007-04-14,43.92521641567406,45.14724924749622,43.58576429006833,45.12461853027344,XOM,2007-04-16,Domestic Terrorism,1.1994021145993798,2.730554821288009
1476,2007-04-14,41.49597179866412,42.23725758649668,41.189788093011394,42.140567779541016,CVX,2007-04-16,Domestic Terrorism,0.6445959808768933,1.5533941077568514
2572,2007-04-14,30.68594106812289,30.92879071325088,29.85330844319685,30.898435592651367,COP,2007-04-16,Domestic Terrorism,0.21249452452847706,0.6924816940003192
3668,2007-04-14,29.12564155762933,29.42163579732037,28.77890784477874,29.03684425354004,BP,2007-04-16,Domestic Terrorism,-0.08879730408929021,-0.3048767317746179
4764,2007-04-14,29.57213790230248,29.95597076416016,29.444195784207228,29.95597076416016,SHEL,2007-04-16,Domestic Terrorism,0.3838328618576803,1.2979543891136636
6316,2007-04-14,37.7069067480278,37.7069067480278,35.37166900745888,36.48395156860352,VLO,2007-04-16,Domestic Terrorism,-1.2229551794242752,-3.2433187574799938
7412,2007-04-14,31.1963103214208,31.408448821668607,30.365945550334885,31.34177589416504,OXY,2007-04-16,Domestic Terrorism,0.14546557274423932,0.46629095314632796
9006,2007-04-14,29.139246940120945,29.47300272123313,27.68664552821901,28.058330535888672,EOG,2007-04-16,Domestic Terrorism,-1.0809164042322728,-3.709486406609883
162,2003-02-08,17.374688830825534,17.53523063471655,16.7377034420209,17.31772232055664,XOM,2003-02-14,Domestic Natural Disaster,-0.05696651026889299,-0.32787067914462503
1258,2003-02-08,14.861134109069354,15.296378623797844,14.481751049408404,14.83320426940918,CVX,2003-02-14,Domestic Natural Disaster,-0.027929839660174594,-0.18793881715346178
2354,2003-02-08,9.460866702210977,9.6307513110228,9.246069284166168,9.513588905334473,COP,2003-02-14,Domestic Natural Disaster,0.05272220312349596,0.557266102387585
3450,2003-02-08,13.753167057288769,14.15831630633908,13.650967748469284,14.07071590423584,BP,2003-02-14,Domestic Natural Disaster,0.3175488469470711,2.3089143440512463
4546,2003-02-08,14.170041850968431,14.240998768307492,13.574005910745312,13.946529388427734,SHEL,2003-02-14,Domestic Natural Disaster,-0.2235124625406968,-1.5773592265390601
6098,2003-02-08,5.079766086609927,5.091828420157254,4.759432123063149,4.78757905960083,VLO,2003-02-14,Domestic Natural Disaster,-0.2921870270090965,-5.7519779853503605
7194,2003-02-08,8.0430827488572,8.08738199068986,7.874191889370186,8.007089614868164,OXY,2003-02-14,Domestic Natural Disaster,-0.03599313398903625,-0.4475042109214944
8788,2003-02-08,7.334046950834104,7.460946550364826,7.05598805766183,7.25566816329956,EOG,2003-02-14,Domestic Natural Disaster,-0.07837878753454408,-1.068697651650976
931,2017-11-04,62.43520321252784,63.064799132487096,61.77561999916017,62.165374755859375,XOM,2017-11-05,Domestic Terrorism,-0.26982845666846345,-0.43217358602962225
2027,2017-11-04,90.1081164392125,92.16223876827532,89.81131897528982,91.52178955078124,CVX,2017-11-05,Domestic Terrorism,1.413673111568741,1.5688632361130463
3123,2017-11-04,44.132282673962365,45.13964339219105,43.70769503386038,44.11563491821289,COP,2017-11-05,Domestic Terrorism,-0.016647755749474413,-0.03772239898050058
4219,2017-11-04,29.37519466894457,30.09961378661738,29.02023084881108,29.194089889526367,BP,2017-11-05,Domestic Terrorism,-0.18110477941820236,-0.6165228229437614
5315,2017-11-04,49.14889291398807,50.35753635053923,48.69756444210046,48.88115692138672,SHEL,2017-11-05,Domestic Terrorism,-0.2677359926013523,-0.5447447068032595
5770,2017-10-30,72.57817796065164,74.82890689161711,71.55583777562667,74.16320037841797,PSX,2017-11-05,Domestic Terrorism,1.585022417766325,2.1838829002095466
6867,2017-11-04,62.37294801192375,63.12851317153809,61.702186144689,62.735313415527344,VLO,2017-11-05,Domestic Terrorism,0.36236540360359726,0.5809656512216232
7963,2017-11-04,57.968342090578815,58.47595097512404,57.35076117797193,57.6722412109375,OXY,2017-11-05,Domestic Terrorism,-0.2961008796413154,-0.5107975646062828
8460,2017-10-30,47.684560908418014,51.17327650635539,47.48078073359572,50.70050811767578,MPC,2017-11-05,Domestic Terrorism,3.0159472092577673,6.324787628956327
9557,2017-11-04,85.41230012524952,87.68670855029703,83.83645544275252,84.94929504394531,EOG,2017-11-05,Domestic Terrorism,-0.46300508130420326,-0.5420824408489733
300,2005-10-01,34.9395807395689,35.12651170613739,31.83323056524684,32.76788330078125,XOM,2005-10-02,Accident,-2.1716974387876533,-6.2155795599694095
1396,2005-10-01,33.444210513693385,33.56722260685422,30.245866762881988,31.265851974487305,CVX,2005-10-02,Accident,-2.17835853920608,-6.5134099616858165
2492,2005-10-01,29.38494470238568,29.619687730949128,25.461362276436454,26.660234451293945,COP,2005-10-02,Accident,-2.724710251091736,-9.272470234972143
3588,2005-10-01,28.58648058777102,28.63470856918686,26.18317623825434,26.47253799438477,BP,2005-10-02,Accident,-2.113942593386252,-7.3949032896710385
4684,2005-10-01,26.553614602189253,26.622259153810468,25.05553090454158,25.46336555480957,SHEL,2005-10-02,Accident,-1.0902490473796824,-4.105840442866845
6236,2005-10-01,31.277205792548244,31.90829318448741,27.30135957466329,29.55132102966309,VLO,2005-10-02,Accident,-1.7258847628851548,-5.518027327416648
7332,2005-10-01,25.47356884694059,25.659700764756945,22.25022479579245,22.923847198486328,OXY,2005-10-02,Accident,-2.5497216484542626,-10.009283205562646
8926,2005-10-01,28.673642930335927,29.548367981991795,24.865569860183346,26.04192543029785,EOG,2005-10-02,Accident,-2.631717500038075,-9.178176300904516
64,2001-03-24,19.247840474927216,20.015384996848297,19.10223006713689,19.990705490112305,XOM,2001-03-29,Accident,0.7428650151850889,3.859472007536461
1160,2001-03-24,19.289400100708008,19.48053544601317,18.746748162902342,19.289400100708008,CVX,2001-03-29,Accident,0.0,0.0
2256,2001-03-24,10.143026807777645,10.31083420056527,9.723507859295948,10.26422119140625,COP,2001-03-29,Accident,0.12119438362860535,1.1948542178324308
3352,2001-03-24,16.368606713244212,17.26646222184979,16.354793227308367,17.135236740112305,BP,2001-03-29,Accident,0.7666300268680928,4.683538680465668
4448,2001-03-24,18.665267129115264,19.174899166365137,18.41380402857136,18.58815193176269,SHEL,2001-03-29,Accident,-0.07711519735257255,-0.41314810454699247
6000,2001-03-24,4.526924120968096,4.898566986266502,4.508474195022597,4.67848014831543,VLO,2001-03-29,Accident,0.15155602734733353,3.3478808855078137
7096,2001-03-24,6.240297767788785,6.471998397357966,6.198643722023539,6.443361759185791,OXY,2001-03-29,Accident,0.2030639913970056,3.2540753494998715
8690,2001-03-24,8.045259720442646,8.185852584270068,7.270146899807996,7.627179622650146,EOG,2001-03-29,Accident,-0.4180800977925001,-5.196601630276487
143,2002-09-28,16.77151105257919,17.640236885916977,15.933446819018288,16.894155502319336,XOM,2002-10-02,Domestic Terrorism,0.12264444974014665,0.7312665469178813
1239,2002-09-28,16.344440527851983,17.00079715408172,15.706506621773276,16.328319549560547,CVX,2002-10-02,Domestic Terrorism,-0.016120978291436217,-0.09863279360321343
2335,2002-09-28,9.145674255286895,9.511733252536192,8.88420285067859,9.093379974365234,COP,2002-10-02,Domestic Terrorism,-0.052294280921660885,-0.5717925159146229
3431,2002-09-28,14.59696522610735,15.351918447217995,14.138213615389294,14.38023281097412,BP,2002-10-02,Domestic Terrorism,-0.21673241513323127,-1.4847772244164512
4527,2002-09-28,14.251642194876757,15.514671024801782,14.06715609984754,14.716408729553224,SHEL,2002-10-02,Domestic Terrorism,0.46476653467646756,3.261143721693658
6079,2002-09-28,3.715724164592584,3.770524354976079,3.169057905233354,3.190443277359009,VLO,2002-10-02,Domestic Terrorism,-0.525280887233575,-14.13670294041243
7175,2002-09-28,7.808586406324956,8.18721771269681,7.641220394088122,8.022595405578613,OXY,2002-10-02,Domestic Terrorism,0.21400899925365735,2.7406881107227044
8769,2002-09-28,6.644216240744172,7.014787317325294,6.450550576107583,6.512002468109131,EOG,2002-10-02,Domestic Terrorism,-0.13221377263504142,-1.9899077309415365
1021,2019-07-27,60.32969930606573,60.95813886027536,57.34866683399759,57.80790710449219,XOM,2019-08-03,Domestic Terrorism,-2.5217922015735397,-4.180017852865365
1022,2019-08-03,57.0263831571785,58.3396536375183,55.91454007316469,57.07472229003906,XOM,2019-08-03,Domestic Terrorism,0.04833913286056202,0.08476626113097105
2117,2019-07-27,103.12179381595551,104.18240548110651,98.40331085052075,100.82518768310548,CVX,2019-08-03,Domestic Terrorism,-2.2966061328500302,-2.227081248168404
2118,2019-08-03,99.53907729792626,103.46418301105923,97.6683828154637,102.23654174804688,CVX,2019-08-03,Domestic Terrorism,2.69746445012062,2.7099552490796674
3213,2019-07-27,50.46757108015757,51.83481332919168,48.4296073324406,48.55859375,COP,2019-08-03,Domestic Terrorism,-1.908977330157569,-3.782582139975675
3214,2019-08-03,47.76747345489428,47.905057407531785,44.9727967517336,46.4432258605957,COP,2019-08-03,Domestic Terrorism,-1.3242475942985763,-2.7722789139120634
4309,2019-07-27,31.292827995038525,32.205434919455634,30.516310183937144,30.804502487182617,BP,2019-08-03,Domestic Terrorism,-0.4883255078559081,-1.5605029623188165
4310,2019-08-03,30.003962899701147,30.244122080294517,29.379548419400457,29.467607498168945,BP,2019-08-03,Domestic Terrorism,-0.5363554015322016,-1.787615200449218
5405,2019-07-27,54.1096560675881,54.1096560675881,49.13824228834714,49.46854019165039,SHEL,2019-08-03,Domestic Terrorism,-4.641115875937707,-8.577241500371972
5406,2019-08-03,48.76559715648998,49.16364688620561,47.86786186105001,48.52845764160156,SHEL,2019-08-03,Domestic Terrorism,-0.237139514888419,-0.4862844478812236
5861,2019-07-29,85.39078737518629,87.5274384309617,83.31278294253212,83.38819122314453,PSX,2019-08-03,Domestic Terrorism,-2.002596152041761,-2.345213358020511
6957,2019-07-27,69.03354551866262,71.05355811995048,66.52084798666556,67.3912582397461,VLO,2019-08-03,Domestic Terrorism,-1.6422872789165268,-2.378969914666412
6958,2019-08-03,65.39588908091147,65.40410227273107,60.937078176993424,64.74718475341797,VLO,2019-08-03,Domestic Terrorism,-0.6487043274935047,-0.9919649944523138
8053,2019-07-27,47.34150364522879,49.61815495536503,46.17563721791726,46.98348236083984,OXY,2019-08-03,Domestic Terrorism,-0.3580212843889541,-0.7562524567701103
8054,2019-08-03,46.12973774584177,46.32251789894806,41.20005331950755,43.26556396484375,OXY,2019-08-03,Domestic Terrorism,-2.864173780998023,-6.208953098278139
8551,2019-07-29,48.49028842970876,50.24811434707152,45.73779004659347,45.97788238525391,MPC,2019-08-03,Domestic Terrorism,-2.512406044454849,-5.181256135642126
9647,2019-07-27,69.24227425020275,72.59483246162576,65.44490408809845,67.92431640625,EOG,2019-08-03,Domestic Terrorism,-1.3179578439527546,-1.90340057172356
9648,2019-08-03,66.10388061444644,67.24061798127767,61.64752876143964,65.3790054321289,EOG,2019-08-03,Domestic Terrorism,-0.7248751823175326,-1.0965697861906119
830,2015-11-28,57.30810768170546,58.173855242663954,54.21817199756845,55.50623321533203,XOM,2015-12-02,Domestic Terrorism,-1.8018744663734267,-3.1441876887319404
1926,2015-11-28,65.79570161305448,67.28380167933395,62.78320973387168,65.12061309814453,CVX,2015-12-02,Domestic Terrorism,-0.6750885149099446,-1.0260374133254941
3022,2015-11-28,42.479430468397176,43.46381781157392,39.82000173144285,40.63767623901367,COP,2015-12-02,Domestic Terrorism,-1.841754229383504,-4.335637764149611
4118,2015-11-28,22.288244448776783,22.35845408857025,20.596841245095018,20.85214614868164,BP,2015-12-02,Domestic Terrorism,-1.4360983000951428,-6.443299306931095
5214,2015-11-28,33.901694694128,34.15077314277544,32.195165904710926,32.60244369506836,SHEL,2015-12-02,Domestic Terrorism,-1.2992509990596375,-3.8324072315024313
5670,2015-11-30,69.73965253809382,70.01684519036453,66.07624216360266,67.57456970214844,PSX,2015-12-02,Domestic Terrorism,-2.165082835945384,-3.1045219715752856
6766,2015-11-28,52.32324328548778,52.86117932532007,50.02805170440397,51.20433807373047,VLO,2015-12-02,Domestic Terrorism,-1.1189052117573084,-2.1384477366058934
7862,2015-11-28,58.16170476848605,59.637772915823625,53.81851295006299,55.42595672607422,OXY,2015-12-02,Domestic Terrorism,-2.735748042411828,-4.703693011237434
8360,2015-11-30,45.11495976592417,46.13785405935614,41.77709865481908,42.784610748291016,MPC,2015-12-02,Domestic Terrorism,-2.3303490176331536,-5.165357632421723
9456,2015-11-28,65.91319254209516,67.69678835844765,62.78589230221654,64.37753295898438,EOG,2015-12-02,Domestic Terrorism,-1.5356595831107853,-2.3298212753540093
97,2001-11-10,19.77282014401477,20.3650011820992,18.46299601595341,18.83938217163086,XOM,2001-11-12,Domestic Natural Disaster,-0.9334379723839099,-4.720813549029634
1193,2001-11-10,19.80461783571482,20.098679579815503,18.3788632553718,18.59049797058105,CVX,2001-11-12,Domestic Natural Disaster,-1.2141198651337675,-6.13048873351282
2289,2001-11-10,10.597559871392818,10.825464323441391,9.621368628249808,9.841675758361816,COP,2001-11-12,Domestic Natural Disaster,-0.7558841130310014,-7.132624134273062
3385,2001-11-10,17.066940744110983,17.3820232612758,14.77384435738515,15.368999481201172,BP,2001-11-12,Domestic Natural Disaster,-1.6979412629098114,-9.948714818709925
4481,2001-11-10,17.531913136483567,17.94402497691422,15.667108139340488,16.807283401489258,SHEL,2001-11-12,Domestic Natural Disaster,-0.7246297349943092,-4.133203999775524
6033,2001-11-10,5.23314863350749,5.364474492981985,4.734374654547876,4.98243522644043,VLO,2001-11-12,Domestic Natural Disaster,-0.25071340706706025,-4.790871129892233
7129,2001-11-10,6.779338530646261,6.983248274815844,6.170257476633225,6.3556294441223145,OXY,2001-11-12,Domestic Natural Disaster,-0.4237090865239468,-6.250006318589247
8723,2001-11-10,6.75600896761981,6.772713413017666,5.660941342705858,6.0748395919799805,EOG,2001-11-12,Domestic Natural Disaster,-0.6811693756398292,-10.082422609332474
336,2006-06-10,32.96960815948153,33.24877503996804,31.624023880731546,32.83002471923828,XOM,2006-06-15,Domestic Natural Disaster,-0.13958344024324987,-0.4233700308722289
1432,2006-06-10,30.4027324171327,31.37973828804955,29.77765769124885,30.838706970214844,CVX,2006-06-15,Domestic Natural Disaster,0.4359745530821435,1.4339979285429652
2528,2006-06-10,25.88816330099038,26.42954128918533,24.579474081552355,26.075727462768555,COP,2006-06-15,Domestic Natural Disaster,0.18756416177817314,0.7245170682734285
3624,2006-06-10,27.810366414851824,27.89266869750597,26.41532168833741,27.44822883605957,BP,2006-06-15,Domestic Natural Disaster,-0.36213757879225383,-1.302167592437251
4720,2006-06-10,26.200204798971225,26.46988132692574,25.387022279192745,26.345415115356445,SHEL,2006-06-15,Domestic Natural Disaster,0.14521031638522075,0.554233516491148
6272,2006-06-10,32.66448270909548,33.23715846914265,30.390304663953057,33.03892517089844,VLO,2006-06-15,Domestic Natural Disaster,0.3744424618029569,1.1463290728883724
7368,2006-06-10,29.026212847627992,29.447793102957256,27.280095673954747,28.921566009521484,OXY,2006-06-15,Domestic Natural Disaster,-0.10464683810650754,-0.36052529021215124
8962,2006-06-10,22.570961900348536,24.09332087785416,21.27147942435356,23.81378173828125,EOG,2006-06-15,Domestic Natural Disaster,1.2428198379327142,5.506277682890967
926,2017-09-30,60.93616046373056,61.64070748156221,60.898682064330615,61.24346160888672,XOM,2017-10-01,Domestic Terrorism,0.3073011451561598,0.5043001443109738
2022,2017-09-30,90.92820777110111,92.70116279063376,90.2330862224762,91.4046401977539,CVX,2017-10-01,Domestic Terrorism,0.4764324266527922,0.523965486983031
3118,2017-09-30,41.03226305607251,41.67818176674826,40.32838088605401,40.46087646484375,COP,2017-10-01,Domestic Terrorism,-0.5713865912287588,-1.3925300450719285
4214,2017-09-30,27.56415449731427,28.114714726522934,27.513445366129314,27.71628189086914,BP,2017-10-01,Domestic Terrorism,0.1521273935548706,0.551902992597481
5310,2017-09-30,46.04314285546117,46.75838463620092,45.936048453661336,46.01254653930664,SHEL,2017-10-01,Domestic Terrorism,-0.03059631615452929,-0.06645140678293264
5765,2017-09-25,71.30222622052497,73.06160186908272,71.20712270971268,72.60194396972656,PSX,2017-10-01,Domestic Terrorism,1.2997177492015908,1.8228291290398106
6862,2017-09-30,59.15793237975037,60.6305169126002,58.80327260022976,59.54342651367188,VLO,2017-10-01,Domestic Terrorism,0.38549413392151166,0.6516355768604676
7958,2017-09-30,53.9836532399333,54.6096992068284,53.69601102172592,54.06825256347656,OXY,2017-10-01,Domestic Terrorism,0.08459932354326583,0.15671285373603655
8455,2017-09-25,44.83162445150124,46.09506051870145,44.5137279756279,45.71195602416992,MPC,2017-10-01,Domestic Terrorism,0.8803315726686805,1.963639692826704
9552,2017-09-30,77.45502124085107,79.2308450639034,76.927955779922,77.9983139038086,EOG,2017-10-01,Domestic Terrorism,0.5432926629575263,0.7014298805343103
476,2009-02-14,42.6837896902255,42.82465902701432,41.21051684222703,41.80921936035156,XOM,2009-02-17,Domestic Natural Disaster,-0.87457032987394,-2.048951923484467
1572,2009-02-14,38.35221198540772,38.75153416312042,36.35559021613093,37.12001037597656,CVX,2009-02-17,Domestic Natural Disaster,-1.2322016094311579,-3.212856692333644
2668,2009-02-14,19.936664898542347,20.117497039235104,17.61750146033708,17.829978942871094,COP,2009-02-17,Domestic Natural Disaster,-2.106685955671253,-10.56689253890846
3764,2009-02-14,19.30493158497735,19.51152454810105,18.111286077851727,18.40969657897949,BP,2009-02-17,Domestic Natural Disaster,-0.8952350059978613,-4.637338402662419
4860,2009-02-14,23.79202855086948,23.79202855086948,21.82917491941799,22.16486549377441,SHEL,2009-02-17,Domestic Natural Disaster,-1.6271630570950713,-6.839110223897266
6412,2009-02-14,13.334212571414753,13.482370171795788,10.56479908143968,10.912400245666504,VLO,2009-02-17,Domestic Natural Disaster,-2.421812325748249,-18.162394762927466
7508,2009-02-14,34.12690785132739,34.15812404376064,30.374570871709743,31.25490379333496,OXY,2009-02-17,Domestic Natural Disaster,-2.8720040579924273,-8.415658607290782
9102,2009-02-14,23.72720367716342,23.72720367716342,20.734030407239125,21.09382438659668,EOG,2009-02-17,Domestic Natural Disaster,-2.63337929056674,-11.098565707097094
858,2016-06-11,64.40209258730863,65.59817108916735,63.82195981566379,64.97506713867188,XOM,2016-06-12,Domestic Terrorism,0.5729745513632452,0.8896831272780074
1954,2016-06-11,75.40225282342809,76.59085863094313,73.37418973644962,75.45425415039062,CVX,2016-06-12,Domestic Terrorism,0.05200132696253945,0.06896521657557454
3050,2016-06-11,35.371931224686655,36.17657025929439,33.97186102336363,35.52481460571289,COP,2016-06-12,Domestic Terrorism,0.15288338102623555,0.432216663701799
4146,2016-06-11,21.10888303964859,21.772893182200622,20.358550869325445,21.7463321685791,BP,2016-06-12,Domestic Terrorism,0.6374491289305126,3.0198145857987786
5242,2016-06-11,35.33376399460705,36.21623144066029,33.84547366055225,36.18121337890625,SHEL,2016-06-12,Domestic Terrorism,0.8474493842992032,2.3984124205633695
5697,2016-06-06,61.33589183725297,62.71311319488861,60.59021041502377,60.92500686645508,PSX,2016-06-12,Domestic Terrorism,-0.41088497079789477,-0.6698932036206892
6794,2016-06-11,38.89685138747958,38.98470345836875,36.62731767950121,37.85725784301758,VLO,2016-06-12,Domestic Terrorism,-1.0395935444620008,-2.6726933090441176
7890,2016-06-11,59.78376082459119,60.46276355145654,58.968966084681576,59.87163162231445,OXY,2016-06-12,Domestic Terrorism,0.08787079772326223,0.14698104721293787
8387,2016-06-06,27.98132253491208,29.149823388215527,27.228462563328694,28.54596900939941,MPC,2016-06-12,Domestic Terrorism,0.5646464744873292,2.017940623724358
9484,2016-06-11,65.09197346818854,67.14142075016053,63.757828258053785,65.01160430908203,EOG,2016-06-12,Domestic Terrorism,-0.08036915910651032,-0.12347015280737797
88,2001-09-08,20.30619942995288,20.63049876422429,20.156522667731974,20.575618743896484,XOM,2001-09-11,Int Terrorsim,0.2694193139436045,1.3267835513631105
1184,2001-09-08,20.57318636842001,20.584325752500156,20.39496812055751,20.42838287353516,CVX,2001-09-11,Int Terrorsim,-0.1448034948848509,-0.7038457353748824
2280,2001-09-08,11.186607963368315,11.201707206829475,11.0054179863045,11.052602767944336,COP,2001-09-11,Int Terrorsim,-0.13400519542397937,-1.1979073179536908
3376,2001-09-08,17.241986853699814,17.34001193535847,17.150963754372718,17.336511611938477,BP,2001-09-11,Int Terrorsim,0.0945247582386628,0.5482242797231893
4472,2001-09-08,18.500375747680664,18.545021536717577,18.1466470524056,18.500375747680664,SHEL,2001-09-11,Int Terrorsim,0.0,0.0
6024,2001-09-08,5.649648697370415,5.754174036592231,5.592754997542638,5.67081880569458,VLO,2001-09-11,Int Terrorsim,0.021170108324165327,0.37471548158416984
7120,2001-09-08,7.481105236849949,7.53406880255061,7.375178105448625,7.414900779724121,OXY,2001-09-11,Int Terrorsim,-0.06620445712582779,-0.8849555651178667
8714,2001-09-08,5.991687236613023,6.132581269485801,5.973148883063221,6.067695617675781,EOG,2001-09-11,Int Terrorsim,0.07600838106275809,1.2685638962978325
